183.129,VO,https://tiss.tuwien.ac.at/course/courseDetails.xhtml?courseNr=183129&semester=2024S,3D Vision,2.0,3.0,2024S
183.130,UE,https://tiss.tuwien.ac.at/course/courseDetails.xhtml?courseNr=183130&semester=2024S,3D Vision,2.0,3.0,2024S
194.163,VU,https://tiss.tuwien.ac.at/course/courseDetails.xhtml?courseNr=194163&semester=2024S,AKNUM Reinforcement Learning,4.0,6.0,2024S
194.160,VU,https://tiss.tuwien.ac.at/course/courseDetails.xhtml?courseNr=194160&semester=2024S,Abstrakte Maschinen,4.0,6.0,2024S
188.980,VU,https://tiss.tuwien.ac.at/course/courseDetails.xhtml?courseNr=188980&semester=2024S,Advanced Information Retrieval,2.0,3.0,2024S
188.952,VU,https://tiss.tuwien.ac.at/course/courseDetails.xhtml?courseNr=188952&semester=2024S,Advanced Model Engineering,2.0,3.0,2024S
188.953,SE,https://tiss.tuwien.ac.at/course/courseDetails.xhtml?courseNr=188953&semester=2024S,Advanced Model Engineering,2.0,3.0,2024S
194.056,VU,https://tiss.tuwien.ac.at/course/courseDetails.xhtml?courseNr=194056&semester=2024S,Advanced Modeling and Simulation,2.0,3.0,2024S
183.243,PR,https://tiss.tuwien.ac.at/course/courseDetails.xhtml?courseNr=183243&semester=2024S,Advanced Software Engineering,4.0,6.0,2024S
188.910,PR,https://tiss.tuwien.ac.at/course/courseDetails.xhtml?courseNr=188910&semester=2024S,Advanced Software Engineering,4.0,6.0,2024S
194.164,SE,https://tiss.tuwien.ac.at/course/courseDetails.xhtml?courseNr=194164&semester=2024S,Advanced Topics in Recommender Systems and Generative AI,2.0,3.0,2024S
186.192,VU,https://tiss.tuwien.ac.at/course/courseDetails.xhtml?courseNr=186192&semester=2024S,Algorithmen für die Echtzeitgraphik,2.0,3.0,2024S
186.866,VU,https://tiss.tuwien.ac.at/course/courseDetails.xhtml?courseNr=186866&semester=2024S,Algorithmen und Datenstrukturen,5.5,8.0,2024S
192.118,VU,https://tiss.tuwien.ac.at/course/courseDetails.xhtml?courseNr=192118&semester=2024S,Algorithmic Social Choice,4.0,6.0,2024S
185.276,VU,https://tiss.tuwien.ac.at/course/courseDetails.xhtml?courseNr=185276&semester=2024S,Analyse und Verifikation,2.0,3.0,2024S
192.032,VU,https://tiss.tuwien.ac.at/course/courseDetails.xhtml?courseNr=192032&semester=2024S,Applied Deep Learning,2.0,3.0,2024S
184.765,VU,https://tiss.tuwien.ac.at/course/courseDetails.xhtml?courseNr=184765&semester=2024S,Argumentieren und Beweisen,4.0,6.0,2024S
193.140,VU,https://tiss.tuwien.ac.at/course/courseDetails.xhtml?courseNr=193140&semester=2024S,Audio and Video Production,4.0,6.0,2024S
186.167,VU,https://tiss.tuwien.ac.at/course/courseDetails.xhtml?courseNr=186167&semester=2024S,Ausgewählte Kapitel der Computergraphik,2.0,3.0,2024S
183.618,VO,https://tiss.tuwien.ac.at/course/courseDetails.xhtml?courseNr=183618&semester=2024S,Ausgewählte Kapitel der Technischen Informatik,2.0,3.0,2024S
191.119,VU,https://tiss.tuwien.ac.at/course/courseDetails.xhtml?courseNr=191119&semester=2024S,Autonomous Racing Cars,4.0,6.0,2024S
180.780,PR,https://tiss.tuwien.ac.at/course/courseDetails.xhtml?courseNr=180780&semester=2024S,Bachelor with Honors Internship Project,4.0,6.0,2024S
193.116,PR,https://tiss.tuwien.ac.at/course/courseDetails.xhtml?courseNr=193116&semester=2024S,Bachelorarbeit für Informatik und Wirtschaftsinformatik,5.0,10.0,2024S
184.713,PR,https://tiss.tuwien.ac.at/course/courseDetails.xhtml?courseNr=184713&semester=2024S,Bachelorarbeit für Informatik und Wirtschaftsinformatik,5.0,10.0,2024S
194.112,PR,https://tiss.tuwien.ac.at/course/courseDetails.xhtml?courseNr=194112&semester=2024S,Bachelorarbeit für Informatik und Wirtschaftsinformatik,5.0,10.0,2024S
184.691,PR,https://tiss.tuwien.ac.at/course/courseDetails.xhtml?courseNr=184691&semester=2024S,Bachelorarbeit für Informatik und Wirtschaftsinformatik,5.0,10.0,2024S
184.714,PR,https://tiss.tuwien.ac.at/course/courseDetails.xhtml?courseNr=184714&semester=2024S,Bachelorarbeit für Informatik und Wirtschaftsinformatik,5.0,10.0,2024S
184.792,PR,https://tiss.tuwien.ac.at/course/courseDetails.xhtml?courseNr=184792&semester=2024S,Bachelorarbeit für Informatik und Wirtschaftsinformatik,5.0,10.0,2024S
184.716,PR,https://tiss.tuwien.ac.at/course/courseDetails.xhtml?courseNr=184716&semester=2024S,Bachelorarbeit für Informatik und Wirtschaftsinformatik,5.0,10.0,2024S
185.A26,PR,https://tiss.tuwien.ac.at/course/courseDetails.xhtml?courseNr=185A26&semester=2024S,Bachelorarbeit für Informatik und Wirtschaftsinformatik,5.0,10.0,2024S
182.698,PR,https://tiss.tuwien.ac.at/course/courseDetails.xhtml?courseNr=182698&semester=2024S,Bachelorarbeit für Informatik und Wirtschaftsinformatik,5.0,10.0,2024S
188.919,PR,https://tiss.tuwien.ac.at/course/courseDetails.xhtml?courseNr=188919&semester=2024S,Bachelorarbeit für Informatik und Wirtschaftsinformatik,5.0,10.0,2024S
184.695,PR,https://tiss.tuwien.ac.at/course/courseDetails.xhtml?courseNr=184695&semester=2024S,Bachelorarbeit für Informatik und Wirtschaftsinformatik,5.0,10.0,2024S
185.A16,PR,https://tiss.tuwien.ac.at/course/courseDetails.xhtml?courseNr=185A16&semester=2024S,Bachelorarbeit für Informatik und Wirtschaftsinformatik,5.0,10.0,2024S
188.944,PR,https://tiss.tuwien.ac.at/course/courseDetails.xhtml?courseNr=188944&semester=2024S,Bachelorarbeit für Informatik und Wirtschaftsinformatik,5.0,10.0,2024S
186.819,PR,https://tiss.tuwien.ac.at/course/courseDetails.xhtml?courseNr=186819&semester=2024S,Bachelorarbeit für Informatik und Wirtschaftsinformatik,5.0,10.0,2024S
193.070,PR,https://tiss.tuwien.ac.at/course/courseDetails.xhtml?courseNr=193070&semester=2024S,Bachelorarbeit für Informatik und Wirtschaftsinformatik,5.0,10.0,2024S
183.582,PR,https://tiss.tuwien.ac.at/course/courseDetails.xhtml?courseNr=183582&semester=2024S,Bachelorarbeit für Informatik und Wirtschaftsinformatik,5.0,10.0,2024S
192.061,PR,https://tiss.tuwien.ac.at/course/courseDetails.xhtml?courseNr=192061&semester=2024S,Bachelorarbeit für Informatik und Wirtschaftsinformatik,5.0,10.0,2024S
186.829,PR,https://tiss.tuwien.ac.at/course/courseDetails.xhtml?courseNr=186829&semester=2024S,Bachelorarbeit für Informatik und Wirtschaftsinformatik,5.0,10.0,2024S
182.715,PR,https://tiss.tuwien.ac.at/course/courseDetails.xhtml?courseNr=182715&semester=2024S,Bachelorarbeit für Informatik und Wirtschaftsinformatik,5.0,10.0,2024S
183.595,PR,https://tiss.tuwien.ac.at/course/courseDetails.xhtml?courseNr=183595&semester=2024S,Bachelorarbeit für Informatik und Wirtschaftsinformatik,5.0,10.0,2024S
187.A99,PR,https://tiss.tuwien.ac.at/course/courseDetails.xhtml?courseNr=187A99&semester=2024S,Bachelorarbeit für Informatik und Wirtschaftsinformatik,5.0,10.0,2024S
183.609,PR,https://tiss.tuwien.ac.at/course/courseDetails.xhtml?courseNr=183609&semester=2024S,Bachelorarbeit für Informatik und Wirtschaftsinformatik,5.0,10.0,2024S
191.114,VU,https://tiss.tuwien.ac.at/course/courseDetails.xhtml?courseNr=191114&semester=2024S,Basics of Parallel Computing,2.0,3.0,2024S
193.109,VU,https://tiss.tuwien.ac.at/course/courseDetails.xhtml?courseNr=193109&semester=2024S,Beyond the Desktop,4.0,6.0,2024S
193.145,UE,https://tiss.tuwien.ac.at/course/courseDetails.xhtml?courseNr=193145&semester=2024S,Bug-Bounty-Programm der TU Wien,2.0,3.0,2024S
194.153,VU,https://tiss.tuwien.ac.at/course/courseDetails.xhtml?courseNr=194153&semester=2024S,Business-IT-Alignment,2.0,3.0,2024S
192.131,SE,https://tiss.tuwien.ac.at/course/courseDetails.xhtml?courseNr=192131&semester=2024S,CAIML Seminar,1.0,1.5,2024S
193.133,VO,https://tiss.tuwien.ac.at/course/courseDetails.xhtml?courseNr=193133&semester=2024S,Cognitive Foundations of Visualization,2.0,3.0,2024S
193.142,VO,https://tiss.tuwien.ac.at/course/courseDetails.xhtml?courseNr=193142&semester=2024S,Cognitive Foundations of Visualization,2.0,3.0,2024S
191.126,VU,https://tiss.tuwien.ac.at/course/courseDetails.xhtml?courseNr=191126&semester=2024S,Competitive Programming for Programming Contests,2.0,3.0,2024S
184.215,VU,https://tiss.tuwien.ac.at/course/courseDetails.xhtml?courseNr=184215&semester=2024S,Complexity Analysis,2.0,3.0,2024S
181.145,VU,https://tiss.tuwien.ac.at/course/courseDetails.xhtml?courseNr=181145&semester=2024S,Computer Aided Verification,2.0,3.0,2024S
184.738,VU,https://tiss.tuwien.ac.at/course/courseDetails.xhtml?courseNr=184738&semester=2024S,Computer Networks,3.0,4.0,2024S
182.752,VU,https://tiss.tuwien.ac.at/course/courseDetails.xhtml?courseNr=182752&semester=2024S,Computer Networks,2.0,3.0,2024S
181.144,UE,https://tiss.tuwien.ac.at/course/courseDetails.xhtml?courseNr=181144&semester=2024S,Computer-Aided Verification,2.0,3.0,2024S
186.139,VU,https://tiss.tuwien.ac.at/course/courseDetails.xhtml?courseNr=186139&semester=2024S,Computeranimation,2.0,3.0,2024S
193.131,VU,https://tiss.tuwien.ac.at/course/courseDetails.xhtml?courseNr=193131&semester=2024S,Computermusik,4.0,6.0,2024S
191.003,VU,https://tiss.tuwien.ac.at/course/courseDetails.xhtml?courseNr=191003&semester=2024S,Computersysteme,4.0,6.0,2024S
193.044,SE,https://tiss.tuwien.ac.at/course/courseDetails.xhtml?courseNr=193044&semester=2024S,Critical Algorithm Studies,2.0,3.0,2024S
193.150,VU,https://tiss.tuwien.ac.at/course/courseDetails.xhtml?courseNr=193150&semester=2024S,Critical Design,2.0,3.0,2024S
192.080,VU,https://tiss.tuwien.ac.at/course/courseDetails.xhtml?courseNr=192080&semester=2024S,Crypto Asset Analytics,2.0,3.0,2024S
194.044,VO,https://tiss.tuwien.ac.at/course/courseDetails.xhtml?courseNr=194044&semester=2024S,Data Stewardship,2.0,3.0,2024S
194.045,UE,https://tiss.tuwien.ac.at/course/courseDetails.xhtml?courseNr=194045&semester=2024S,Data Stewardship,2.0,3.0,2024S
194.048,VU,https://tiss.tuwien.ac.at/course/courseDetails.xhtml?courseNr=194048&semester=2024S,Data-intensive Computing,2.0,3.0,2024S
184.686,VU,https://tiss.tuwien.ac.at/course/courseDetails.xhtml?courseNr=184686&semester=2024S,Datenbanksysteme,4.0,6.0,2024S
184.780,VU,https://tiss.tuwien.ac.at/course/courseDetails.xhtml?courseNr=184780&semester=2024S,Datenbanksysteme Vertiefung,4.0,6.0,2024S
192.039,VU,https://tiss.tuwien.ac.at/course/courseDetails.xhtml?courseNr=192039&semester=2024S,Deep Learning for Natural Language Processing,4.0,6.0,2024S
183.663,VU,https://tiss.tuwien.ac.at/course/courseDetails.xhtml?courseNr=183663&semester=2024S,Deep Learning for Visual Computing,2.0,3.0,2024S
193.075,VU,https://tiss.tuwien.ac.at/course/courseDetails.xhtml?courseNr=193075&semester=2024S,Denkweisen der Digitalisierung,2.0,2.0,2024S
192.130,VU,https://tiss.tuwien.ac.at/course/courseDetails.xhtml?courseNr=192130&semester=2024S,Deontic Logic for Normative Reasoning,2.0,3.0,2024S
191.109,VU,https://tiss.tuwien.ac.at/course/courseDetails.xhtml?courseNr=191109&semester=2024S,Dependable Systems,2.0,3.0,2024S
193.146,VU,https://tiss.tuwien.ac.at/course/courseDetails.xhtml?courseNr=193146&semester=2024S,Design Studies,4.0,6.0,2024S
187.B10,VU,https://tiss.tuwien.ac.at/course/courseDetails.xhtml?courseNr=187B10&semester=2024S,Design Thinking: Explorative Prototyping,4.0,6.0,2024S
193.134,UE,https://tiss.tuwien.ac.at/course/courseDetails.xhtml?courseNr=193134&semester=2024S,Design and Evaluation of Visualisations,2.0,3.0,2024S
193.143,UE,https://tiss.tuwien.ac.at/course/courseDetails.xhtml?courseNr=193143&semester=2024S,Design and Evaluation of Visualisations,2.0,3.0,2024S
194.162,VU,https://tiss.tuwien.ac.at/course/courseDetails.xhtml?courseNr=194162&semester=2024S,Design und Entwicklung von Anwendungen im Gesundheitswesen,4.0,6.0,2024S
184.228,SE,https://tiss.tuwien.ac.at/course/courseDetails.xhtml?courseNr=184228&semester=2024S,Didaktik in der Informatik,2.0,3.0,2024S
194.042,SE,https://tiss.tuwien.ac.at/course/courseDetails.xhtml?courseNr=194042&semester=2024S,Didaktik in der Informatik , Abenteuer Informatik,2.0,3.0,2024S
182.695,LU,https://tiss.tuwien.ac.at/course/courseDetails.xhtml?courseNr=182695&semester=2024S,Digital Design and Computer Architecture,7.5,7.5,2024S
182.702,VU,https://tiss.tuwien.ac.at/course/courseDetails.xhtml?courseNr=182702&semester=2024S,Distributed Algorithms,4.0,6.0,2024S
184.153,VU,https://tiss.tuwien.ac.at/course/courseDetails.xhtml?courseNr=184153&semester=2024S,Distributed Systems Engineering,2.0,3.0,2024S
184.260,VU,https://tiss.tuwien.ac.at/course/courseDetails.xhtml?courseNr=184260&semester=2024S,Distributed Systems Technologies,4.0,6.0,2024S
183.628,VU,https://tiss.tuwien.ac.at/course/courseDetails.xhtml?courseNr=183628&semester=2024S,Document Analysis,2.0,3.0,2024S
180.005,SE,https://tiss.tuwien.ac.at/course/courseDetails.xhtml?courseNr=180005&semester=2024S,Doktorand:innenseminar für MINT und benachbarte Fächer (CTS, Center for Technology and Society),2.0,3.0,2024S
185.A50,VU,https://tiss.tuwien.ac.at/course/courseDetails.xhtml?courseNr=185A50&semester=2024S,Dynamic Compilation Dynamische Übersetzer,2.0,3.0,2024S
194.034,VO,https://tiss.tuwien.ac.at/course/courseDetails.xhtml?courseNr=194034&semester=2024S,E-Marketing,2.0,3.0,2024S
183.231,VU,https://tiss.tuwien.ac.at/course/courseDetails.xhtml?courseNr=183231&semester=2024S,ERP Systeme,2.0,3.0,2024S
182.713,VO,https://tiss.tuwien.ac.at/course/courseDetails.xhtml?courseNr=182713&semester=2024S,Echtzeitsysteme,2.0,2.0,2024S
182.738,VO,https://tiss.tuwien.ac.at/course/courseDetails.xhtml?courseNr=182738&semester=2024S,Echtzeitsysteme für Elektrotechnik,2.0,1.5,2024S
192.026,VU,https://tiss.tuwien.ac.at/course/courseDetails.xhtml?courseNr=192026&semester=2024S,Effiziente Algorithmen,4.0,6.0,2024S
192.027,VU,https://tiss.tuwien.ac.at/course/courseDetails.xhtml?courseNr=192027&semester=2024S,Einführung in Artificial Intelligence,4.0,6.0,2024S
192.036,VU,https://tiss.tuwien.ac.at/course/courseDetails.xhtml?courseNr=192036&semester=2024S,Einführung in Quantencomputing,4.5,6.0,2024S
192.019,VU,https://tiss.tuwien.ac.at/course/courseDetails.xhtml?courseNr=192019&semester=2024S,Einführung in Security,4.0,6.0,2024S
192.071,VU,https://tiss.tuwien.ac.at/course/courseDetails.xhtml?courseNr=192071&semester=2024S,Einführung in Theoretische Informatik und Logik,2.0,3.0,2024S
186.822,VU,https://tiss.tuwien.ac.at/course/courseDetails.xhtml?courseNr=186822&semester=2024S,Einführung in Visual Computing,5.0,6.0,2024S
185.A91,VU,https://tiss.tuwien.ac.at/course/courseDetails.xhtml?courseNr=185A91&semester=2024S,Einführung in die Programmierung 1,4.0,5.5,2024S
185.A92,VU,https://tiss.tuwien.ac.at/course/courseDetails.xhtml?courseNr=185A92&semester=2024S,Einführung in die Programmierung 2,3.0,4.0,2024S
182.691,VU,https://tiss.tuwien.ac.at/course/courseDetails.xhtml?courseNr=182691&semester=2024S,Elektrotechnische Grundlagen,4.0,4.0,2024S
182.692,LU,https://tiss.tuwien.ac.at/course/courseDetails.xhtml?courseNr=182692&semester=2024S,Elektrotechnische Grundlagen,3.5,3.5,2024S
194.068,VU,https://tiss.tuwien.ac.at/course/courseDetails.xhtml?courseNr=194068&semester=2024S,Fachspezifische Lehrveranstaltungen in Data Science,2.0,3.0,2024S
192.059,VU,https://tiss.tuwien.ac.at/course/courseDetails.xhtml?courseNr=192059&semester=2024S,Formal Methods for Security and Privacy,4.0,6.0,2024S
185.291,VU,https://tiss.tuwien.ac.at/course/courseDetails.xhtml?courseNr=185291&semester=2024S,Formale Methoden der Informatik,4.0,6.0,2024S
185.A06,VU,https://tiss.tuwien.ac.at/course/courseDetails.xhtml?courseNr=185A06&semester=2024S,Formale Modellierung,2.0,3.0,2024S
194.057,VU,https://tiss.tuwien.ac.at/course/courseDetails.xhtml?courseNr=194057&semester=2024S,Forschungsmethoden,2.0,3.0,2024S
188.446,SE,https://tiss.tuwien.ac.at/course/courseDetails.xhtml?courseNr=188446&semester=2024S,Forschungsseminar,2.0,3.0,2024S
187.A87,SE,https://tiss.tuwien.ac.at/course/courseDetails.xhtml?courseNr=187A87&semester=2024S,Forschungsseminar für DiplomandInnen,2.0,3.0,2024S
185.A39,SE,https://tiss.tuwien.ac.at/course/courseDetails.xhtml?courseNr=185A39&semester=2024S,Forschungsseminar für DiplomandInnen und DissertantInnen,2.0,3.0,2024S
193.119,SE,https://tiss.tuwien.ac.at/course/courseDetails.xhtml?courseNr=193119&semester=2024S,Forschungsseminar für DissertantInnen,2.0,3.0,2024S
188.081,SE,https://tiss.tuwien.ac.at/course/courseDetails.xhtml?courseNr=188081&semester=2024S,Forschungsseminar für DissertantInnen,2.0,3.0,2024S
188.423,SE,https://tiss.tuwien.ac.at/course/courseDetails.xhtml?courseNr=188423&semester=2024S,Forschungsseminar für DissertantInnen,2.0,3.0,2024S
186.842,SE,https://tiss.tuwien.ac.at/course/courseDetails.xhtml?courseNr=186842&semester=2024S,Forschungsseminar für DissertantInnen,2.0,3.0,2024S
188.970,SE,https://tiss.tuwien.ac.at/course/courseDetails.xhtml?courseNr=188970&semester=2024S,Forschungsseminar für DissertantInnen,2.0,3.0,2024S
183.615,SE,https://tiss.tuwien.ac.at/course/courseDetails.xhtml?courseNr=183615&semester=2024S,Forschungsseminar für DissertantInnen,2.0,3.0,2024S
185.A05,VU,https://tiss.tuwien.ac.at/course/courseDetails.xhtml?courseNr=185A05&semester=2024S,Fortgeschrittene funktionale Programmierung,2.0,3.0,2024S
185.A25,VU,https://tiss.tuwien.ac.at/course/courseDetails.xhtml?courseNr=185A25&semester=2024S,Fortgeschrittene logische Programmierung,2.0,3.0,2024S
185.211,VU,https://tiss.tuwien.ac.at/course/courseDetails.xhtml?courseNr=185211&semester=2024S,Fortgeschrittene objektorientierte Programmierung,2.0,3.0,2024S
182.731,VU,https://tiss.tuwien.ac.at/course/courseDetails.xhtml?courseNr=182731&semester=2024S,GPU Architectures and Computing,4.0,6.0,2024S
193.151,PR,https://tiss.tuwien.ac.at/course/courseDetails.xhtml?courseNr=193151&semester=2024S,Game Design,6.0,9.0,2024S
187.A92,VU,https://tiss.tuwien.ac.at/course/courseDetails.xhtml?courseNr=187A92&semester=2024S,Gameful Design,4.0,6.0,2024S
192.141,VU,https://tiss.tuwien.ac.at/course/courseDetails.xhtml?courseNr=192141&semester=2024S,Graph Drawing Algorithms,3.0,4.5,2024S
192.121,VU,https://tiss.tuwien.ac.at/course/courseDetails.xhtml?courseNr=192121&semester=2024S,Grundkonzepte der Computer- und Kommunikationssysteme,2.0,3.0,2024S
191.124,VU,https://tiss.tuwien.ac.at/course/courseDetails.xhtml?courseNr=191124&semester=2024S,Grundkonzepte der Security und Privacy,2.0,3.0,2024S
192.097,VU,https://tiss.tuwien.ac.at/course/courseDetails.xhtml?courseNr=192097&semester=2024S,Grundlagen der Programmierung und Algorithmik,4.0,5.0,2024S
194.131,VU,https://tiss.tuwien.ac.at/course/courseDetails.xhtml?courseNr=194131&semester=2024S,Hands-On Cloud Native,4.0,6.0,2024S
182.696,VO,https://tiss.tuwien.ac.at/course/courseDetails.xhtml?courseNr=182696&semester=2024S,Hardware Modeling,1.5,1.5,2024S
184.725,VU,https://tiss.tuwien.ac.at/course/courseDetails.xhtml?courseNr=184725&semester=2024S,High Performance Computing Hochleistungsrechnen,3.0,4.5,2024S
193.141,VU,https://tiss.tuwien.ac.at/course/courseDetails.xhtml?courseNr=193141&semester=2024S,Human Augmentation,4.0,6.0,2024S
188.978,VU,https://tiss.tuwien.ac.at/course/courseDetails.xhtml?courseNr=188978&semester=2024S,IT Governance,2.0,3.0,2024S
192.058,UE,https://tiss.tuwien.ac.at/course/courseDetails.xhtml?courseNr=192058&semester=2024S,IT Projekte für Jugendliche,1.0,1.5,2024S
183.633,VU,https://tiss.tuwien.ac.at/course/courseDetails.xhtml?courseNr=183633&semester=2024S,IT Security in Large IT Infrastructures,2.0,3.0,2024S
192.055,PR,https://tiss.tuwien.ac.at/course/courseDetails.xhtml?courseNr=192055&semester=2024S,IT-Projekte für Jugendliche,2.0,3.0,2024S
191.127,VU,https://tiss.tuwien.ac.at/course/courseDetails.xhtml?courseNr=191127&semester=2024S,Industrial Hardware Verification,2.0,3.0,2024S
191.104,VU,https://tiss.tuwien.ac.at/course/courseDetails.xhtml?courseNr=191104&semester=2024S,Information Technology in Automation,4.0,6.0,2024S
188.484,VU,https://tiss.tuwien.ac.at/course/courseDetails.xhtml?courseNr=188484&semester=2024S,Informationssuche im Internet,2.0,3.0,2024S
186.143,UE,https://tiss.tuwien.ac.at/course/courseDetails.xhtml?courseNr=186143&semester=2024S,Informationsvisualisierung,1.0,1.5,2024S
186.141,VO,https://tiss.tuwien.ac.at/course/courseDetails.xhtml?courseNr=186141&semester=2024S,Informationsvisualisierung,2.0,3.0,2024S
188.915,VU,https://tiss.tuwien.ac.at/course/courseDetails.xhtml?courseNr=188915&semester=2024S,Innovation,2.0,3.0,2024S
194.088,VU,https://tiss.tuwien.ac.at/course/courseDetails.xhtml?courseNr=194088&semester=2024S,Interdisciplinary Lecture Series on Data Science,1.0,1.0,2024S
194.147,PR,https://tiss.tuwien.ac.at/course/courseDetails.xhtml?courseNr=194147&semester=2024S,Interdisciplinary Project in Data Science,4.0,5.0,2024S
193.127,VU,https://tiss.tuwien.ac.at/course/courseDetails.xhtml?courseNr=193127&semester=2024S,Interface und Interaction Design,4.0,6.0,2024S
184.766,VO,https://tiss.tuwien.ac.at/course/courseDetails.xhtml?courseNr=184766&semester=2024S,Introduction to Logical Methods in Computer Science,2.0,3.0,2024S
192.052,VU,https://tiss.tuwien.ac.at/course/courseDetails.xhtml?courseNr=192052&semester=2024S,Introduction to Natural Language Processing,2.0,3.0,2024S
194.138,SE,https://tiss.tuwien.ac.at/course/courseDetails.xhtml?courseNr=194138&semester=2024S,Journal Club "Festkörperphysik: Theorie und Experiment",2.0,3.0,2024S
185.334,VO,https://tiss.tuwien.ac.at/course/courseDetails.xhtml?courseNr=185334&semester=2024S,Klinische Medizin,2.0,3.0,2024S
192.116,VU,https://tiss.tuwien.ac.at/course/courseDetails.xhtml?courseNr=192116&semester=2024S,Knowledge Graphs,2.0,3.0,2024S
184.730,VU,https://tiss.tuwien.ac.at/course/courseDetails.xhtml?courseNr=184730&semester=2024S,Knowledge-based Systems,4.0,6.0,2024S
181.200,SE,https://tiss.tuwien.ac.at/course/courseDetails.xhtml?courseNr=181200&semester=2024S,Kommunikation und Rhetorik,2.0,3.0,2024S
184.004,SE,https://tiss.tuwien.ac.at/course/courseDetails.xhtml?courseNr=184004&semester=2024S,Kommunikationstechnik,1.0,1.5,2024S
193.128,SE,https://tiss.tuwien.ac.at/course/courseDetails.xhtml?courseNr=193128&semester=2024S,Literaturseminar für DissertantInnen,2.0,3.0,2024S
188.082,SE,https://tiss.tuwien.ac.at/course/courseDetails.xhtml?courseNr=188082&semester=2024S,Literaturseminar für DissertantInnen,2.0,2.0,2024S
188.512,SE,https://tiss.tuwien.ac.at/course/courseDetails.xhtml?courseNr=188512&semester=2024S,Literaturseminar für DissertantInnen,2.0,3.0,2024S
183.616,SE,https://tiss.tuwien.ac.at/course/courseDetails.xhtml?courseNr=183616&semester=2024S,Literaturseminar für DissertantInnen,2.0,3.0,2024S
193.153,SE,https://tiss.tuwien.ac.at/course/courseDetails.xhtml?courseNr=193153&semester=2024S,Literaturseminar für DissertantInnen,2.0,3.0,2024S
192.033,VU,https://tiss.tuwien.ac.at/course/courseDetails.xhtml?courseNr=192033&semester=2024S,Logic and Reasoning in Computer Science,4.0,6.0,2024S
185.A12,VU,https://tiss.tuwien.ac.at/course/courseDetails.xhtml?courseNr=185A12&semester=2024S,Logikprogrammierung und Constraints,4.0,6.0,2024S
184.702,VU,https://tiss.tuwien.ac.at/course/courseDetails.xhtml?courseNr=184702&semester=2024S,Machine Learning,3.0,4.5,2024S
194.101,PR,https://tiss.tuwien.ac.at/course/courseDetails.xhtml?courseNr=194101&semester=2024S,Machine Learning Algorithms and Applications,2.0,3.0,2024S
186.835,VU,https://tiss.tuwien.ac.at/course/courseDetails.xhtml?courseNr=186835&semester=2024S,Mathematical Programming,2.0,3.0,2024S
188.502,VU,https://tiss.tuwien.ac.at/course/courseDetails.xhtml?courseNr=188502&semester=2024S,Media and Brain 1 Künstliches Bewusstsein,2.0,3.0,2024S
188.499,VU,https://tiss.tuwien.ac.at/course/courseDetails.xhtml?courseNr=188499&semester=2024S,Media and Brain 2 Künstliches Bewusstsein,2.0,3.0,2024S
183.269,VO,https://tiss.tuwien.ac.at/course/courseDetails.xhtml?courseNr=183269&semester=2024S,Medizinische Bildverarbeitung,2.0,3.0,2024S
183.630,UE,https://tiss.tuwien.ac.at/course/courseDetails.xhtml?courseNr=183630&semester=2024S,Medizinische Bildverarbeitung,2.0,3.0,2024S
193.147,VU,https://tiss.tuwien.ac.at/course/courseDetails.xhtml?courseNr=193147&semester=2024S,Menschzentrierte Künstliche Intelligenz,4.0,6.0,2024S
194.104,PR,https://tiss.tuwien.ac.at/course/courseDetails.xhtml?courseNr=194104&semester=2024S,Mobile (App) Prototyping and Evaluation,4.0,6.0,2024S
194.120,VU,https://tiss.tuwien.ac.at/course/courseDetails.xhtml?courseNr=194120&semester=2024S,Mobile Security,2.0,3.0,2024S
186.861,VU,https://tiss.tuwien.ac.at/course/courseDetails.xhtml?courseNr=186861&semester=2024S,Modeling and Solving Constrained Optimization Problems,2.0,3.0,2024S
194.022,VU,https://tiss.tuwien.ac.at/course/courseDetails.xhtml?courseNr=194022&semester=2024S,Modellierung,4.0,5.5,2024S
193.148,VU,https://tiss.tuwien.ac.at/course/courseDetails.xhtml?courseNr=193148&semester=2024S,Multimedia,4.0,6.0,2024S
193.152,VU,https://tiss.tuwien.ac.at/course/courseDetails.xhtml?courseNr=193152&semester=2024S,Musikproduktion,4.0,6.0,2024S
184.706,VO,https://tiss.tuwien.ac.at/course/courseDetails.xhtml?courseNr=184706&semester=2024S,Network Engineering,2.0,2.0,2024S
184.707,UE,https://tiss.tuwien.ac.at/course/courseDetails.xhtml?courseNr=184707&semester=2024S,Network Engineering,1.0,2.0,2024S
184.188,VU,https://tiss.tuwien.ac.at/course/courseDetails.xhtml?courseNr=184188&semester=2024S,Nichtmonotones Schließen,2.0,3.0,2024S
192.085,VU,https://tiss.tuwien.ac.at/course/courseDetails.xhtml?courseNr=192085&semester=2024S,Non-classical Logics Nichtklassische Logiken,2.0,3.0,2024S
186.190,VU,https://tiss.tuwien.ac.at/course/courseDetails.xhtml?courseNr=186190&semester=2024S,Optimization in Transport and Logistics,2.0,3.0,2024S
180.767,SE,https://tiss.tuwien.ac.at/course/courseDetails.xhtml?courseNr=180767&semester=2024S,Orientierung Bachelor with Honors der Informatik und Wirtschaftsinformatik,1.0,1.0,2024S
180.766,VU,https://tiss.tuwien.ac.at/course/courseDetails.xhtml?courseNr=180766&semester=2024S,Orientierung Informatik und Wirtschaftsinformatik,1.0,1.0,2024S
184.710,VU,https://tiss.tuwien.ac.at/course/courseDetails.xhtml?courseNr=184710&semester=2024S,Parallel Computing,4.0,6.0,2024S
184.736,VO,https://tiss.tuwien.ac.at/course/courseDetails.xhtml?courseNr=184736&semester=2024S,Pervasive and Mobile Computing,2.0,2.0,2024S
191.005,PR,https://tiss.tuwien.ac.at/course/courseDetails.xhtml?courseNr=191005&semester=2024S,Praktikum Technische Informatik,4.0,6.0,2024S
182.699,PR,https://tiss.tuwien.ac.at/course/courseDetails.xhtml?courseNr=182699&semester=2024S,Praktikum Technische Informatik,4.0,6.0,2024S
185.A18,PR,https://tiss.tuwien.ac.at/course/courseDetails.xhtml?courseNr=185A18&semester=2024S,Praktikum Technische Informatik,4.0,6.0,2024S
183.583,PR,https://tiss.tuwien.ac.at/course/courseDetails.xhtml?courseNr=183583&semester=2024S,Praktikum aus Visual Computing,6.0,9.0,2024S
193.078,PR,https://tiss.tuwien.ac.at/course/courseDetails.xhtml?courseNr=193078&semester=2024S,Praktikum aus Visual Computing 1,4.0,6.0,2024S
193.079,PR,https://tiss.tuwien.ac.at/course/courseDetails.xhtml?courseNr=193079&semester=2024S,Praktikum aus Visual Computing 2,4.0,6.0,2024S
184.768,VU,https://tiss.tuwien.ac.at/course/courseDetails.xhtml?courseNr=184768&semester=2024S,Preferences in Artificial Intelligence,2.0,3.0,2024S
186.069,PV,https://tiss.tuwien.ac.at/course/courseDetails.xhtml?courseNr=186069&semester=2024S,Privatissimum für Dissertant(inn)en (Literaturseminar),2.0,2.0,2024S
194.028,PV,https://tiss.tuwien.ac.at/course/courseDetails.xhtml?courseNr=194028&semester=2024S,Privatissimum für Doktoranden,5.0,5.0,2024S
192.030,VU,https://tiss.tuwien.ac.at/course/courseDetails.xhtml?courseNr=192030&semester=2024S,Probabilistic Reasoning,2.0,3.0,2024S
181.190,VU,https://tiss.tuwien.ac.at/course/courseDetails.xhtml?courseNr=181190&semester=2024S,Problem Solving and Search in Artificial Intelligence,2.0,3.0,2024S
184.741,VU,https://tiss.tuwien.ac.at/course/courseDetails.xhtml?courseNr=184741&semester=2024S,Programm- und Systemverifikation,4.0,6.0,2024S
185.208,VU,https://tiss.tuwien.ac.at/course/courseDetails.xhtml?courseNr=185208&semester=2024S,Programmiersprachen,2.0,3.0,2024S
193.019,PR,https://tiss.tuwien.ac.at/course/courseDetails.xhtml?courseNr=193019&semester=2024S,Programmiertechniken für Visual Computing,4.0,6.0,2024S
188.519,UE,https://tiss.tuwien.ac.at/course/courseDetails.xhtml?courseNr=188519&semester=2024S,Programmierung von Geschäfts-Anwendungen mit Ruby on Rails,2.0,3.0,2024S
188.981,VU,https://tiss.tuwien.ac.at/course/courseDetails.xhtml?courseNr=188981&semester=2024S,Programmierung von Strategie-Spielen,2.0,3.0,2024S
191.008,PR,https://tiss.tuwien.ac.at/course/courseDetails.xhtml?courseNr=191008&semester=2024S,Project in Computer Science 1,4.0,6.0,2024S
193.117,PR,https://tiss.tuwien.ac.at/course/courseDetails.xhtml?courseNr=193117&semester=2024S,Project in Computer Science 1,4.0,6.0,2024S
192.021,PR,https://tiss.tuwien.ac.at/course/courseDetails.xhtml?courseNr=192021&semester=2024S,Project in Computer Science 1,4.0,6.0,2024S
194.145,PR,https://tiss.tuwien.ac.at/course/courseDetails.xhtml?courseNr=194145&semester=2024S,Project in Computer Science 1,4.0,6.0,2024S